RUSER,PPID,UID,PID,PGRP,%CPU,%MEM,VSZ,-,TIME,SIZE,legitimate
root,0,0,1,1,0,0,186156,-,00:00:01,150044,1
root,0,0,2,0,0,0,0,-,00:00:00,0,1
root,2,0,3,0,0,0,0,-,00:00:00,0,1
root,2,0,5,0,0,0,0,-,00:00:00,0,1
root,2,0,7,0,0.1,0,0,-,00:00:12,0,1
root,2,0,8,0,0,0,0,-,00:00:00,0,1
root,2,0,9,0,0,0,0,-,00:00:00,0,1
root,2,0,10,0,0,0,0,-,00:00:00,0,1
root,2,0,11,0,0,0,0,-,00:00:00,0,1
root,2,0,12,0,0,0,0,-,00:00:00,0,1
root,2,0,13,0,0,0,0,-,00:00:00,0,1
root,2,0,15,0,0,0,0,-,00:00:00,0,1
root,2,0,16,0,0,0,0,-,00:00:00,0,1
root,2,0,17,0,0,0,0,-,00:00:00,0,1
root,2,0,18,0,0,0,0,-,00:00:00,0,1
root,2,0,20,0,0,0,0,-,00:00:00,0,1
root,2,0,21,0,0,0,0,-,00:00:00,0,1
root,2,0,22,0,0,0,0,-,00:00:00,0,1
root,2,0,23,0,0,0,0,-,00:00:00,0,1
root,2,0,25,0,0,0,0,-,00:00:00,0,1
root,2,0,26,0,0,0,0,-,00:00:00,0,1
root,2,0,27,0,0,0,0,-,00:00:00,0,1
root,2,0,28,0,0,0,0,-,00:00:00,0,1
root,2,0,30,0,0,0,0,-,00:00:00,0,1
root,2,0,31,0,0,0,0,-,00:00:00,0,1
root,2,0,32,0,0,0,0,-,00:00:00,0,1
root,2,0,33,0,0,0,0,-,00:00:00,0,1
root,2,0,35,0,0,0,0,-,00:00:00,0,1
root,2,0,36,0,0,0,0,-,00:00:00,0,1
root,2,0,37,0,0,0,0,-,00:00:00,0,1
root,2,0,38,0,0,0,0,-,00:00:00,0,1
root,2,0,39,0,0,0,0,-,00:00:00,0,1
root,2,0,40,0,0,0,0,-,00:00:00,0,1
root,2,0,41,0,0,0,0,-,00:00:00,0,1
root,2,0,42,0,0,0,0,-,00:00:00,0,1
root,2,0,43,0,0,0,0,-,00:00:00,0,1
root,2,0,45,0,0,0,0,-,00:00:00,0,1
root,2,0,46,0,0,0,0,-,00:00:00,0,1
root,2,0,47,0,0,0,0,-,00:00:00,0,1
root,2,0,48,0,0,0,0,-,00:00:00,0,1
root,2,0,49,0,0,0,0,-,00:00:00,0,1
root,2,0,50,0,0,0,0,-,00:00:00,0,1
root,2,0,51,0,0,0,0,-,00:00:00,0,1
root,2,0,52,0,0,0,0,-,00:00:00,0,1
root,2,0,53,0,0,0,0,-,00:00:00,0,1
root,2,0,54,0,0,0,0,-,00:00:00,0,1
root,2,0,55,0,0,0,0,-,00:00:00,0,1
root,2,0,56,0,0,0,0,-,00:00:00,0,1
root,2,0,57,0,0,0,0,-,00:00:00,0,1
root,2,0,58,0,0,0,0,-,00:00:00,0,1
root,2,0,59,0,0,0,0,-,00:00:00,0,1
root,2,0,63,0,0,0,0,-,00:00:00,0,1
root,2,0,64,0,0,0,0,-,00:00:00,0,1
root,2,0,65,0,0,0,0,-,00:00:00,0,1
root,2,0,66,0,0,0,0,-,00:00:00,0,1
root,2,0,82,0,0,0,0,-,00:00:00,0,1
root,2,0,83,0,0,0,0,-,00:00:00,0,1
root,2,0,84,0,0,0,0,-,00:00:00,0,1
root,2,0,85,0,0,0,0,-,00:00:00,0,1
root,2,0,86,0,0,0,0,-,00:00:00,0,1
root,2,0,87,0,0,0,0,-,00:00:00,0,1
root,2,0,88,0,0,0,0,-,00:00:00,0,1
root,2,0,89,0,0,0,0,-,00:00:00,0,1
root,2,0,90,0,0,0,0,-,00:00:00,0,1
root,2,0,91,0,0,0,0,-,00:00:00,0,1
root,2,0,92,0,0,0,0,-,00:00:00,0,1
root,2,0,93,0,0,0,0,-,00:00:00,0,1
root,2,0,94,0,0,0,0,-,00:00:00,0,1
root,2,0,95,0,0,0,0,-,00:00:00,0,1
root,2,0,96,0,0,0,0,-,00:00:00,0,1
root,2,0,97,0,0,0,0,-,00:00:00,0,1
root,2,0,98,0,0,0,0,-,00:00:00,0,1
root,2,0,99,0,0,0,0,-,00:00:00,0,1
root,2,0,100,0,0,0,0,-,00:00:00,0,1
root,2,0,101,0,0,0,0,-,00:00:00,0,1
root,2,0,102,0,0,0,0,-,00:00:00,0,1
root,2,0,103,0,0,0,0,-,00:00:00,0,1
root,2,0,104,0,0,0,0,-,00:00:00,0,1
root,2,0,105,0,0,0,0,-,00:00:00,0,1
root,2,0,106,0,0,0,0,-,00:00:00,0,1
root,2,0,107,0,0,0,0,-,00:00:00,0,1
root,2,0,115,0,0,0,0,-,00:00:00,0,1
root,2,0,129,0,0,0,0,-,00:00:00,0,1
root,2,0,130,0,0,0,0,-,00:00:00,0,1
root,2,0,180,0,0,0,0,-,00:00:00,0,1
root,2,0,181,0,0,0,0,-,00:00:00,0,1
root,2,0,182,0,0,0,0,-,00:00:00,0,1
root,2,0,183,0,0,0,0,-,00:00:00,0,1
root,2,0,184,0,0,0,0,-,00:00:00,0,1
root,2,0,185,0,0,0,0,-,00:00:00,0,1
root,2,0,186,0,0,0,0,-,00:00:00,0,1
root,2,0,187,0,0,0,0,-,00:00:00,0,1
root,2,0,192,0,0,0,0,-,00:00:00,0,1
root,2,0,194,0,0,0,0,-,00:00:00,0,1
root,2,0,199,0,0,0,0,-,00:00:00,0,1
root,2,0,200,0,0,0,0,-,00:00:00,0,1
root,2,0,202,0,0,0,0,-,00:00:00,0,1
root,2,0,206,0,0,0,0,-,00:00:00,0,1
root,2,0,208,0,0,0,0,-,00:00:00,0,1
root,2,0,210,0,0,0,0,-,00:00:00,0,1
root,2,0,211,0,0,0,0,-,00:00:00,0,1
root,2,0,273,0,0,0,0,-,00:00:00,0,1
root,2,0,286,0,0,0,0,-,00:00:00,0,1
root,2,0,287,0,0,0,0,-,00:00:00,0,1
root,2,0,318,0,0,0,0,-,00:00:00,0,1
root,2,0,326,0,0,0,0,-,00:00:00,0,1
root,2,0,331,0,0,0,0,-,00:00:00,0,1
root,1,0,356,356,0,0,35396,-,00:00:00,488,1
root,1,0,373,373,0,0,46260,-,00:00:00,2536,1
root,2,0,375,0,0,0,0,-,00:00:00,0,1
root,2,0,383,0,0,0,0,-,00:00:00,0,1
root,2,0,435,0,0,0,0,-,00:00:00,0,1
root,2,0,436,0,0,0,0,-,00:00:00,0,1
systemd+,1,100,497,497,0,0,102384,-,00:00:00,74116,1
root,2,0,558,0,0,0,0,-,00:00:00,0,1
root,2,0,559,0,0,0,0,-,00:00:00,0,1
root,1,0,678,678,0,0,4400,-,00:00:00,328,1
root,2,0,688,0,0,0,0,-,00:00:00,0,1
root,1,0,717,717,0,0,29008,-,00:00:00,432,1
root,1,0,719,719,0,0,291520,-,00:00:00,222136,1
syslog,1,104,720,720,0,0,256400,-,00:00:00,222488,1
root,1,0,724,724,0,0,337332,-,00:00:00,222396,1
whoopsie,1,109,726,726,0,0,386636,-,00:00:00,230532,1
avahi,1,111,731,731,0,0,45048,-,00:00:00,672,1
message+,1,106,735,735,0,0,44700,-,00:00:04,2384,1
root,2,0,771,0,0,0,0,-,00:00:00,0,1
root,2,0,861,0,0,0,0,-,00:00:00,0,1
root,2,0,907,0,0.2,0,0,-,00:00:29,0,1
root,2,0,930,0,0,0,0,-,00:00:00,0,1
root,1,0,935,935,0,0,43576,-,00:00:00,584,1
root,2,0,967,0,0,0,0,-,00:00:00,0,1
avahi,731,111,978,731,0,0,44788,-,00:00:00,412,1
postgres,1,125,1004,999,0,0.1,294692,-,00:00:00,1512,1
root,1,0,1006,1006,0,0.1,669652,-,00:00:05,510604,1
root,1,0,1013,1013,0,0,12876,-,00:00:00,368,1
root,1,0,1015,1015,0,0,33432,-,00:00:00,1240,1
root,1,0,1026,1026,0,0,277024,-,00:00:00,148584,1
root,1,0,1031,1031,0,0,277144,-,00:00:00,257416,1
root,1,0,1035,1035,0,0,166460,-,00:00:00,74436,1
root,1,0,1037,1037,0,0,28632,-,00:00:00,476,1
root,1,0,1052,1052,0,0,50368,-,00:00:00,1056,1
root,1,0,1072,1072,0,0,294756,-,00:00:00,224036,1
root,1,0,1074,1074,0,0,32084,-,00:00:00,504,1
root,1,0,1143,1143,0,0,292224,-,00:00:00,221996,1
root,1,0,1148,1148,0,0,19572,-,00:00:00,452,1
root,1,0,1191,1191,0,0,22400,-,00:00:00,1312,1
root,2,0,1205,0,0,0,0,-,00:00:00,0,1
root,1143,0,1212,1212,3.2,1.2,335264,-,00:05:20,126976,1
postgres,1004,125,1236,1236,0,0,294692,-,00:00:00,1512,1
postgres,1004,125,1237,1237,0,0,294692,-,00:00:00,1512,1
postgres,1004,125,1238,1238,0,0,294692,-,00:00:00,1512,1
postgres,1004,125,1239,1239,0,0,295120,-,00:00:00,1940,1
postgres,1004,125,1240,1240,0,0,149676,-,00:00:00,1512,1
mysql,1,123,1246,1246,0,0.9,1234308,-,00:00:03,1173940,1
debian-+,1,122,1267,1267,0,0.2,88400,-,00:00:03,30364,1
nvidia-+,1,121,1295,1295,0,0,17100,-,00:00:00,360,1
root,1,0,1298,1298,0,0,44120,-,00:00:00,624,1
root,2,0,1308,0,0,0,0,-,00:00:00,0,1
root,1,0,1435,1435,0,0,15940,-,00:00:00,364,1
root,2,0,1520,0,0,0,0,-,00:00:00,0,1
root,2,0,1524,0,0,0,0,-,00:00:00,0,1
root,1,0,1561,1561,0,0,179892,-,00:00:00,148344,1
root,1,0,1614,1614,0,0,7000,-,00:00:00,364,1
root,1,0,1633,1633,0,0.1,325496,-,00:00:00,5700,1
root,1,0,1639,1639,0,0,6972,-,00:00:00,348,1
www-data,1633,33,1660,1633,0,0,325520,-,00:00:00,5724,0
www-data,1633,33,1661,1633,0,0,325520,-,00:00:00,5724,0
www-data,1633,33,1662,1633,0,0,325520,-,00:00:00,5724,0
www-data,1633,33,1663,1633,0,0,325520,-,00:00:00,5724,0
www-data,1633,33,1664,1633,0,0,325520,-,00:00:00,5724,0
root,1,0,1667,1667,0,0,17152,-,00:00:00,5752,1
root,1,0,1671,1670,0.4,0,1364064,-,00:00:43,1346440,1
root,1,0,1673,1673,0,0,6972,-,00:00:00,348,1
root,1,0,1685,1685,0,0,17152,-,00:00:00,5752,1
root,1,0,1710,1710,0,0,21028,-,00:00:00,1220,1
root,1143,0,1712,1143,0,0,234472,-,00:00:00,148332,1
root,1,0,1750,1750,0,0,347496,-,00:00:00,230776,1
rtkit,1,118,1809,1809,0,0,183544,-,00:00:00,147868,0
colord,1,113,1818,1818,0,0,313636,-,00:00:00,223792,0
zulfikar,1,1000,1847,1847,0,0,45380,-,00:00:00,852,0
zulfikar,1847,1000,1848,1847,0,0,64236,-,00:00:00,2844,0
zulfikar,1,1000,1857,1856,0,0.1,271376,-,00:00:00,2184,0
zulfikar,1,1000,1859,1858,0,0.2,756304,-,00:00:03,372192,0
zulfikar,1712,1000,1860,1860,0,0,4508,-,00:00:00,332,0
zulfikar,1860,1000,1973,1973,0,0,11140,-,00:00:00,348,0
zulfikar,1,1000,1976,1860,0,0,43600,-,00:00:00,408,0
zulfikar,1,1000,1977,1977,0,0,44464,-,00:00:00,2148,0
zulfikar,1,1000,1987,1987,0,0.1,440112,-,00:00:05,378044,0
zulfikar,1,1000,1995,1977,0,0,274524,-,00:00:00,221840,0
zulfikar,1,1000,2000,1977,0,0,419988,-,00:00:00,369516,0
zulfikar,1987,1000,2009,1987,0,0,277584,-,00:00:00,221932,0
zulfikar,1987,1000,2010,1987,0,0.1,480276,-,00:00:01,298732,0
zulfikar,1,1000,2014,1987,0,0.1,326332,-,00:00:00,148800,0
zulfikar,1,1000,2018,1977,0,0,353776,-,00:00:00,295672,0
zulfikar,2018,1000,2023,1977,0,0,43532,-,00:00:00,1216,0
zulfikar,1,1000,2025,1977,0,0,206964,-,00:00:01,148108,0
zulfikar,1987,1000,2035,1987,0,0,201708,-,00:00:01,148200,0
nobody,1006,65534,2072,2072,0,0,52868,-,00:00:00,416,0
zulfikar,1,1000,2135,1860,0,0,6300,-,00:00:00,192,0
root,2,0,2141,0,0,0,0,-,00:00:00,0,1
zulfikar,1,1000,2154,2154,0,0.1,267868,-,00:00:00,1752,0
zulfikar,2154,1000,2212,2154,0,0.2,458504,-,00:00:02,76144,0
zulfikar,2154,1000,2214,2154,0,1.5,2094200,-,00:00:08,1137912,0
zulfikar,1860,1000,2229,1860,0,0,70336,-,00:00:00,488,0
zulfikar,1,1000,2230,2154,0,0.2,803484,-,00:00:02,373632,0
zulfikar,2154,1000,2236,2154,0,0.4,884476,-,00:00:03,376948,0
zulfikar,1,1000,2243,1977,0,0.2,697464,-,00:00:04,373168,0
root,1,0,2253,2253,0,0,383400,-,00:00:01,305780,1
zulfikar,2236,1000,2255,2154,1.2,1.1,3519112,-,00:02:07,2847468,0
zulfikar,1,1000,2272,2271,0,0.2,944364,-,00:00:03,593840,0
zulfikar,1,1000,2282,1977,0,0,178796,-,00:00:00,148244,0
zulfikar,2154,1000,2372,2154,0,0.4,5488820,-,00:00:04,88836,0
zulfikar,1,1000,2376,1977,0,0.1,436756,-,00:00:00,296836,0
zulfikar,1,1000,2378,1977,0,0.1,330336,-,00:00:03,75792,0
zulfikar,2154,1000,2380,2154,0,0.6,992188,-,00:00:04,392968,0
zulfikar,2154,1000,2387,2154,1.2,2.8,11445416,-,00:02:07,4859296,0
zulfikar,2154,1000,2403,2154,0,0.2,729920,-,00:00:03,373108,0
zulfikar,2154,1000,2413,2154,0,0.1,340756,-,00:00:03,75732,0
zulfikar,2154,1000,2418,2154,0,0.4,1030804,-,00:00:03,448588,0
zulfikar,1,1000,2422,2421,0,0,511136,-,00:00:02,223860,0
zulfikar,1,1000,2441,2440,0,0.1,337988,-,00:00:03,76740,0
zulfikar,2154,1000,2443,2154,0,0,441336,-,00:00:00,369484,0
root,2,0,2451,0,0,0,0,-,00:00:00,0,1
zulfikar,1,1000,2454,2154,0,0.3,483760,-,00:00:02,85052,0
zulfikar,1,1000,2469,1977,0,0,296404,-,00:00:00,222044,0
zulfikar,1,1000,2476,1977,0,0,271836,-,00:00:00,222236,0
zulfikar,1,1000,2481,1977,0,0,4508,-,00:00:00,332,0
zulfikar,1,1000,2489,1977,0,0,403636,-,00:00:00,295728,0
zulfikar,1,1000,2495,1977,0,0,257532,-,00:00:00,221712,0
zulfikar,2481,1000,2496,1977,0,0,423460,-,00:00:00,369756,0
zulfikar,1,1000,2501,1977,0,0,259640,-,00:00:00,221844,0
root,1,0,2505,2505,0,0,93280,-,00:00:00,912,1
lp,2505,7,2508,2508,0,0,81244,-,00:00:00,584,0
lp,2505,7,2509,2509,0,0,81244,-,00:00:00,584,0
zulfikar,1,1000,2511,1977,0,0,321560,-,00:00:00,223860,0
zulfikar,1,1000,2513,1977,0,0.1,483696,-,00:00:00,297348,0
zulfikar,2441,1000,2548,2440,0,0.1,3649124,-,00:00:00,3540320,0
zulfikar,1,1000,2552,1977,0,0,150368,-,00:00:00,668,0
zulfikar,2548,1000,2596,2440,0,1,3933116,-,00:00:03,3879024,0
zulfikar,1,1000,2599,2599,0,0,174116,-,00:00:00,1584,0
zulfikar,2599,1000,2603,2599,0,0.1,197748,-,00:00:00,1064,0
zulfikar,1,1000,2605,2599,0,0.1,286788,-,00:00:00,3648,0
zulfikar,2387,1000,2637,2154,0.2,0,10060,-,00:00:22,668,0
zulfikar,1,1000,2656,1977,0,0,61300,-,00:00:00,684,0
zulfikar,2441,1000,2657,2440,0,0.3,879172,-,00:00:03,447076,0
zulfikar,2441,1000,2658,2440,0,0.4,1338636,-,00:00:03,669172,0
zulfikar,2441,1000,2669,2440,0,0.2,339472,-,00:00:00,3500,0
zulfikar,2441,1000,2670,2440,0,0.3,971096,-,00:00:03,520860,0
zulfikar,2441,1000,2671,2440,0,0.2,854612,-,00:00:03,446996,0
zulfikar,2441,1000,2680,2440,0,0.3,975944,-,00:00:03,520932,0
zulfikar,2441,1000,2688,2440,0,0.3,975428,-,00:00:03,520976,0
zulfikar,2441,1000,2698,2440,0,0.3,879156,-,00:00:03,447064,0
zulfikar,2441,1000,2714,2440,0,0.3,1103532,-,00:00:03,668356,0
zulfikar,2441,1000,2723,2440,0,0.4,1412488,-,00:00:03,742984,0
zulfikar,2441,1000,2743,2440,0,0.2,912824,-,00:00:03,520780,0
zulfikar,2441,1000,2756,2440,0,0.3,896556,-,00:00:03,447240,0
zulfikar,2441,1000,2757,2440,0,0.4,1289348,-,00:00:03,677108,0
zulfikar,2441,1000,2783,2440,0,0.4,1259296,-,00:00:03,595400,0
zulfikar,1,1000,2905,1977,0,0.3,863616,-,00:00:04,446248,0
zulfikar,1,1000,2920,1977,0,0.1,193344,-,00:00:00,1084,0
zulfikar,2154,1000,3022,2154,0.1,0.5,642556,-,00:00:15,389748,0
root,2,0,3117,0,0,0,0,-,00:00:00,0,1
zulfikar,2154,1000,3463,2154,0,0.5,1037324,-,00:00:04,456116,0
zulfikar,1,1000,3492,3492,25.2,10.3,3649852,-,00:41:13,1986132,0
zulfikar,3492,1000,3519,3492,0,0,92688,-,00:00:00,772,0
zulfikar,3519,1000,3543,3492,0,0,94796,-,00:00:00,820,0
zulfikar,3519,1000,3544,3492,0,0,92556,-,00:00:00,640,0
zulfikar,3544,1000,3546,3492,0,0,92556,-,00:00:00,640,0
zulfikar,3546,1000,3554,3492,0,0,93384,-,00:00:00,1468,0
zulfikar,3546,1000,3555,3492,0,0,92556,-,00:00:01,640,0
zulfikar,4602,1000,3589,2154,1.7,0.4,554416,-,00:01:30,150172,0
zulfikar,2154,1000,4293,2154,0,0,207888,-,00:00:00,156832,0
zulfikar,4293,1000,4352,2154,1.7,1.5,1811488,-,00:01:28,1068116,0
zulfikar,4352,1000,4359,2154,0,0,0,-,00:00:00,0,0
zulfikar,2154,1000,4602,2154,4.5,5.6,2112464,-,00:07:17,1400700,0
zulfikar,1,1000,5232,1977,0,0,186316,-,00:00:00,148252,0
zulfikar,1,1000,5261,1977,0,0,363692,-,00:00:00,295636,0
zulfikar,1,1000,5277,1977,0,0,437840,-,00:00:00,369488,0
zulfikar,1,1000,5287,1977,0,0.1,751468,-,00:00:00,443736,0
zulfikar,1,1000,5309,1977,0,0,361720,-,00:00:00,295616,0
zulfikar,1,1000,5332,2154,0.1,0.5,933572,-,00:00:14,379232,0
zulfikar,5332,1000,5340,5340,0,0,22844,-,00:00:00,2176,0
zulfikar,2154,1000,7137,2154,0,0.5,972548,-,00:00:04,383296,0
zulfikar,29711,1000,9060,9060,0,0,37368,-,00:00:00,1020,0
zulfikar,29711,1000,9061,9060,0,0,7320,-,00:00:00,336,0
zulfikar,29711,1000,9062,9060,0,0,7320,-,00:00:00,336,0
root,2,0,10309,0,0,0,0,-,00:00:00,0,1
root,2,0,10394,0,0,0,0,-,00:00:00,0,1
root,2,0,10708,0,0,0,0,-,00:00:00,0,1
root,2,0,13550,0,0,0,0,-,00:00:00,0,1
root,2,0,15132,0,0,0,0,-,00:00:00,0,1
root,2,0,16135,0,0,0,0,-,00:00:00,0,1
root,2,0,16472,0,0,0,0,-,00:00:00,0,1
root,2,0,17879,0,0,0,0,-,00:00:00,0,1
root,2,0,20561,0,0,0,0,-,00:00:00,0,1
root,2,0,20776,0,0,0,0,-,00:00:00,0,1
root,2,0,20791,0,0,0,0,-,00:00:00,0,1
root,2,0,20792,0,0,0,0,-,00:00:00,0,1
zulfikar,2154,1000,20820,2154,0,0.1,276592,-,00:00:00,2072,0
root,2,0,20881,0,0,0,0,-,00:00:00,0,1
root,1006,0,20956,20956,0,0,16128,-,00:00:00,1084,1
root,2,0,20962,0,0,0,0,-,00:00:00,0,1
root,2,0,21604,0,0,0,0,-,00:00:00,0,1
root,2,0,24165,0,0,0,0,-,00:00:00,0,1
root,2,0,24951,0,0,0,0,-,00:00:00,0,1
zulfikar,5340,1000,25623,25623,0.2,0.3,354788,-,00:00:01,188316,1
zulfikar,25623,1000,26147,26147,0.5,1.2,2615024,-,00:00:02,1994060,1
root,2,0,27536,0,0,0,0,-,00:00:00,0,1
zulfikar,5332,1000,29711,29711,0,0,22768,-,00:00:00,2100,0
root,2,0,30837,0,0,0,0,-,00:00:00,0,1
root,2,0,32054,0,0,0,0,-,00:00:00,0,1
